MSN,YYYYMM,Value,Column_Order,Description,Unit
TETCBUS,194913,31.967775,1,Total Primary Energy Consumption,Quadrillion Btu
TETCBUS,195013,34.598567,1,Total Primary Energy Consumption,Quadrillion Btu
TETCBUS,195113,36.953661,1,Total Primary Energy Consumption,Quadrillion Btu
TETCBUS,195213,36.726037,1,Total Primary Energy Consumption,Quadrillion Btu
TETCBUS,195313,37.640598,1,Total Primary Energy Consumption,Quadrillion Btu
TETCBUS,195413,36.61354,1,Total Primary Energy Consumption,Quadrillion Btu
TETCBUS,195513,40.178285,1,Total Primary Energy Consumption,Quadrillion Btu
TETCBUS,195613,41.721757,1,Total Primary Energy Consumption,Quadrillion Btu
TETCBUS,195713,41.753909,1,Total Primary Energy Consumption,Quadrillion Btu
TETCBUS,195813,41.60928,1,Total Primary Energy Consumption,Quadrillion Btu
TETCBUS,195913,43.422965,1,Total Primary Energy Consumption,Quadrillion Btu
TETCBUS,196013,45.040732,1,Total Primary Energy Consumption,Quadrillion Btu
TETCBUS,196113,45.690782,1,Total Primary Energy Consumption,Quadrillion Btu
TETCBUS,196213,47.775047,1,Total Primary Energy Consumption,Quadrillion Btu
TETCBUS,196313,49.588632,1,Total Primary Energy Consumption,Quadrillion Btu
TETCBUS,196413,51.755425,1,Total Primary Energy Consumption,Quadrillion Btu
TETCBUS,196513,53.953222,1,Total Primary Energy Consumption,Quadrillion Btu
TETCBUS,196613,56.949167,1,Total Primary Energy Consumption,Quadrillion Btu
TETCBUS,196713,58.89482,1,Total Primary Energy Consumption,Quadrillion Btu
TETCBUS,196813,62.40148,1,Total Primary Energy Consumption,Quadrillion Btu
TETCBUS,196913,65.596259,1,Total Primary Energy Consumption,Quadrillion Btu
TETCBUS,197013,67.816828,1,Total Primary Energy Consumption,Quadrillion Btu
TETCBUS,197113,69.260271,1,Total Primary Energy Consumption,Quadrillion Btu
TETCBUS,197213,72.660036,1,Total Primary Energy Consumption,Quadrillion Btu
TETCBUS,197313,75.65228,1,Total Primary Energy Consumption,Quadrillion Btu
TETCBUS,197413,73.929322,1,Total Primary Energy Consumption,Quadrillion Btu
TETCBUS,197513,71.931011,1,Total Primary Energy Consumption,Quadrillion Btu
TETCBUS,197613,75.939029,1,Total Primary Energy Consumption,Quadrillion Btu
TETCBUS,197713,77.919991,1,Total Primary Energy Consumption,Quadrillion Btu
TETCBUS,197813,79.906703,1,Total Primary Energy Consumption,Quadrillion Btu
TETCBUS,197913,80.811788,1,Total Primary Energy Consumption,Quadrillion Btu
TETCBUS,198013,78.021113,1,Total Primary Energy Consumption,Quadrillion Btu
TETCBUS,198113,76.057187,1,Total Primary Energy Consumption,Quadrillion Btu
TETCBUS,198213,73.046189,1,Total Primary Energy Consumption,Quadrillion Btu
TETCBUS,198313,72.915394,1,Total Primary Energy Consumption,Quadrillion Btu
TETCBUS,198413,76.570697,1,Total Primary Energy Consumption,Quadrillion Btu
TETCBUS,198513,76.334135,1,Total Primary Energy Consumption,Quadrillion Btu
TETCBUS,198613,76.598888,1,Total Primary Energy Consumption,Quadrillion Btu
TETCBUS,198713,79.008203,1,Total Primary Energy Consumption,Quadrillion Btu
TETCBUS,198813,82.659169,1,Total Primary Energy Consumption,Quadrillion Btu
TETCBUS,198913,84.74001,1,Total Primary Energy Consumption,Quadrillion Btu
TETCBUS,199013,84.432879,1,Total Primary Energy Consumption,Quadrillion Btu
TETCBUS,199113,84.380321,1,Total Primary Energy Consumption,Quadrillion Btu
TETCBUS,199213,85.724908,1,Total Primary Energy Consumption,Quadrillion Btu
TETCBUS,199313,87.265913,1,Total Primary Energy Consumption,Quadrillion Btu
TETCBUS,199413,88.983262,1,Total Primary Energy Consumption,Quadrillion Btu
TETCBUS,199513,90.930736,1,Total Primary Energy Consumption,Quadrillion Btu
TETCBUS,199613,93.934548,1,Total Primary Energy Consumption,Quadrillion Btu
TETCBUS,199713,94.507041,1,Total Primary Energy Consumption,Quadrillion Btu
TETCBUS,199813,94.920236,1,Total Primary Energy Consumption,Quadrillion Btu
TETCBUS,199913,96.544579,1,Total Primary Energy Consumption,Quadrillion Btu
TETCBUS,200013,98.702286,1,Total Primary Energy Consumption,Quadrillion Btu
TETCBUS,200113,96.063809,1,Total Primary Energy Consumption,Quadrillion Btu
TETCBUS,200213,97.535479,1,Total Primary Energy Consumption,Quadrillion Btu
TETCBUS,200313,97.834875,1,Total Primary Energy Consumption,Quadrillion Btu
TETCBUS,200413,100.002493,1,Total Primary Energy Consumption,Quadrillion Btu
TETCBUS,200513,100.101764,1,Total Primary Energy Consumption,Quadrillion Btu
TETCBUS,200613,99.391812,1,Total Primary Energy Consumption,Quadrillion Btu
TETCBUS,200713,100.893746,1,Total Primary Energy Consumption,Quadrillion Btu
TETCBUS,200813,98.754323,1,Total Primary Energy Consumption,Quadrillion Btu
TETCBUS,200913,93.94303,1,Total Primary Energy Consumption,Quadrillion Btu
TETCBUS,201013,97.514231,1,Total Primary Energy Consumption,Quadrillion Btu
TETCBUS,201113,96.872144,1,Total Primary Energy Consumption,Quadrillion Btu
TETCBUS,201213,94.386512,1,Total Primary Energy Consumption,Quadrillion Btu
TETCBUS,201313,97.129957,1,Total Primary Energy Consumption,Quadrillion Btu
TETCBUS,201413,98.297401,1,Total Primary Energy Consumption,Quadrillion Btu
TETCBUS,201513,97.406618,1,Total Primary Energy Consumption,Quadrillion Btu
TETCBUS,201613,97.383603,1,Total Primary Energy Consumption,Quadrillion Btu
TETCBUS,201713,97.659855,1,Total Primary Energy Consumption,Quadrillion Btu
TETCBUS,201813,101.234876,1,Total Primary Energy Consumption,Quadrillion Btu
TETCBUS,201913,100.470646,1,Total Primary Energy Consumption,Quadrillion Btu
TETCBUS,202013,92.974224,1,Total Primary Energy Consumption,Quadrillion Btu
TETCBUS,202113,97.299114,1,Total Primary Energy Consumption,Quadrillion Btu
TETPRUS,194913,214,2,Total Primary Energy Consumption per Capita,Million Btu
TETPRUS,195013,227,2,Total Primary Energy Consumption per Capita,Million Btu
TETPRUS,195113,239,2,Total Primary Energy Consumption per Capita,Million Btu
TETPRUS,195213,233,2,Total Primary Energy Consumption per Capita,Million Btu
TETPRUS,195313,235,2,Total Primary Energy Consumption per Capita,Million Btu
TETPRUS,195413,225,2,Total Primary Energy Consumption per Capita,Million Btu
TETPRUS,195513,242,2,Total Primary Energy Consumption per Capita,Million Btu
TETPRUS,195613,247,2,Total Primary Energy Consumption per Capita,Million Btu
TETPRUS,195713,243,2,Total Primary Energy Consumption per Capita,Million Btu
TETPRUS,195813,238,2,Total Primary Energy Consumption per Capita,Million Btu
TETPRUS,195913,244,2,Total Primary Energy Consumption per Capita,Million Btu
TETPRUS,196013,249,2,Total Primary Energy Consumption per Capita,Million Btu
TETPRUS,196113,249,2,Total Primary Energy Consumption per Capita,Million Btu
TETPRUS,196213,256,2,Total Primary Energy Consumption per Capita,Million Btu
TETPRUS,196313,262,2,Total Primary Energy Consumption per Capita,Million Btu
TETPRUS,196413,270,2,Total Primary Energy Consumption per Capita,Million Btu
TETPRUS,196513,278,2,Total Primary Energy Consumption per Capita,Million Btu
TETPRUS,196613,290,2,Total Primary Energy Consumption per Capita,Million Btu
TETPRUS,196713,296,2,Total Primary Energy Consumption per Capita,Million Btu
TETPRUS,196813,311,2,Total Primary Energy Consumption per Capita,Million Btu
TETPRUS,196913,324,2,Total Primary Energy Consumption per Capita,Million Btu
TETPRUS,197013,331,2,Total Primary Energy Consumption per Capita,Million Btu
TETPRUS,197113,334,2,Total Primary Energy Consumption per Capita,Million Btu
TETPRUS,197213,346,2,Total Primary Energy Consumption per Capita,Million Btu
TETPRUS,197313,357,2,Total Primary Energy Consumption per Capita,Million Btu
TETPRUS,197413,346,2,Total Primary Energy Consumption per Capita,Million Btu
TETPRUS,197513,333,2,Total Primary Energy Consumption per Capita,Million Btu
TETPRUS,197613,348,2,Total Primary Energy Consumption per Capita,Million Btu
TETPRUS,197713,354,2,Total Primary Energy Consumption per Capita,Million Btu
TETPRUS,197813,359,2,Total Primary Energy Consumption per Capita,Million Btu
TETPRUS,197913,359,2,Total Primary Energy Consumption per Capita,Million Btu
TETPRUS,198013,343,2,Total Primary Energy Consumption per Capita,Million Btu
TETPRUS,198113,331,2,Total Primary Energy Consumption per Capita,Million Btu
TETPRUS,198213,315,2,Total Primary Energy Consumption per Capita,Million Btu
TETPRUS,198313,312,2,Total Primary Energy Consumption per Capita,Million Btu
TETPRUS,198413,325,2,Total Primary Energy Consumption per Capita,Million Btu
TETPRUS,198513,321,2,Total Primary Energy Consumption per Capita,Million Btu
TETPRUS,198613,319,2,Total Primary Energy Consumption per Capita,Million Btu
TETPRUS,198713,326,2,Total Primary Energy Consumption per Capita,Million Btu
TETPRUS,198813,338,2,Total Primary Energy Consumption per Capita,Million Btu
TETPRUS,198913,343,2,Total Primary Energy Consumption per Capita,Million Btu
TETPRUS,199013,338,2,Total Primary Energy Consumption per Capita,Million Btu
TETPRUS,199113,334,2,Total Primary Energy Consumption per Capita,Million Btu
TETPRUS,199213,334,2,Total Primary Energy Consumption per Capita,Million Btu
TETPRUS,199313,336,2,Total Primary Energy Consumption per Capita,Million Btu
TETPRUS,199413,338,2,Total Primary Energy Consumption per Capita,Million Btu
TETPRUS,199513,341,2,Total Primary Energy Consumption per Capita,Million Btu
TETPRUS,199613,349,2,Total Primary Energy Consumption per Capita,Million Btu
TETPRUS,199713,347,2,Total Primary Energy Consumption per Capita,Million Btu
TETPRUS,199813,344,2,Total Primary Energy Consumption per Capita,Million Btu
TETPRUS,199913,346,2,Total Primary Energy Consumption per Capita,Million Btu
TETPRUS,200013,350,2,Total Primary Energy Consumption per Capita,Million Btu
TETPRUS,200113,337,2,Total Primary Energy Consumption per Capita,Million Btu
TETPRUS,200213,339,2,Total Primary Energy Consumption per Capita,Million Btu
TETPRUS,200313,337,2,Total Primary Energy Consumption per Capita,Million Btu
TETPRUS,200413,342,2,Total Primary Energy Consumption per Capita,Million Btu
TETPRUS,200513,339,2,Total Primary Energy Consumption per Capita,Million Btu
TETPRUS,200613,333,2,Total Primary Energy Consumption per Capita,Million Btu
TETPRUS,200713,335,2,Total Primary Energy Consumption per Capita,Million Btu
TETPRUS,200813,325,2,Total Primary Energy Consumption per Capita,Million Btu
TETPRUS,200913,306,2,Total Primary Energy Consumption per Capita,Million Btu
TETPRUS,201013,315,2,Total Primary Energy Consumption per Capita,Million Btu
TETPRUS,201113,311,2,Total Primary Energy Consumption per Capita,Million Btu
TETPRUS,201213,301,2,Total Primary Energy Consumption per Capita,Million Btu
TETPRUS,201313,307,2,Total Primary Energy Consumption per Capita,Million Btu
TETPRUS,201413,309,2,Total Primary Energy Consumption per Capita,Million Btu
TETPRUS,201513,304,2,Total Primary Energy Consumption per Capita,Million Btu
TETPRUS,201613,302,2,Total Primary Energy Consumption per Capita,Million Btu
TETPRUS,201713,301,2,Total Primary Energy Consumption per Capita,Million Btu
TETPRUS,201813,310,2,Total Primary Energy Consumption per Capita,Million Btu
TETPRUS,201913,306,2,Total Primary Energy Consumption per Capita,Million Btu
TETPRUS,202013,280,2,Total Primary Energy Consumption per Capita,Million Btu
TETPRUS,202113,293,2,Total Primary Energy Consumption per Capita,Million Btu
TETGRUS,194913,15.16,3,Total Primary Energy Consumption per Real Dollar of GDP,Thousand Btu per Chained (2012) Dollar
TETGRUS,195013,15.1,3,Total Primary Energy Consumption per Real Dollar of GDP,Thousand Btu per Chained (2012) Dollar
TETGRUS,195113,14.93,3,Total Primary Energy Consumption per Real Dollar of GDP,Thousand Btu per Chained (2012) Dollar
TETGRUS,195213,14.25,3,Total Primary Energy Consumption per Real Dollar of GDP,Thousand Btu per Chained (2012) Dollar
TETGRUS,195313,13.95,3,Total Primary Energy Consumption per Real Dollar of GDP,Thousand Btu per Chained (2012) Dollar
TETGRUS,195413,13.65,3,Total Primary Energy Consumption per Real Dollar of GDP,Thousand Btu per Chained (2012) Dollar
TETGRUS,195513,13.98,3,Total Primary Energy Consumption per Real Dollar of GDP,Thousand Btu per Chained (2012) Dollar
TETGRUS,195613,14.22,3,Total Primary Energy Consumption per Real Dollar of GDP,Thousand Btu per Chained (2012) Dollar
TETGRUS,195713,13.94,3,Total Primary Energy Consumption per Real Dollar of GDP,Thousand Btu per Chained (2012) Dollar
TETGRUS,195813,13.99,3,Total Primary Energy Consumption per Real Dollar of GDP,Thousand Btu per Chained (2012) Dollar
TETGRUS,195913,13.65,3,Total Primary Energy Consumption per Real Dollar of GDP,Thousand Btu per Chained (2012) Dollar
TETGRUS,196013,13.81,3,Total Primary Energy Consumption per Real Dollar of GDP,Thousand Btu per Chained (2012) Dollar
TETGRUS,196113,13.66,3,Total Primary Energy Consumption per Real Dollar of GDP,Thousand Btu per Chained (2012) Dollar
TETGRUS,196213,13.46,3,Total Primary Energy Consumption per Real Dollar of GDP,Thousand Btu per Chained (2012) Dollar
TETGRUS,196313,13.38,3,Total Primary Energy Consumption per Real Dollar of GDP,Thousand Btu per Chained (2012) Dollar
TETGRUS,196413,13.21,3,Total Primary Energy Consumption per Real Dollar of GDP,Thousand Btu per Chained (2012) Dollar
TETGRUS,196513,12.93,3,Total Primary Energy Consumption per Real Dollar of GDP,Thousand Btu per Chained (2012) Dollar
TETGRUS,196613,12.8,3,Total Primary Energy Consumption per Real Dollar of GDP,Thousand Btu per Chained (2012) Dollar
TETGRUS,196713,12.89,3,Total Primary Energy Consumption per Real Dollar of GDP,Thousand Btu per Chained (2012) Dollar
TETGRUS,196813,13.01,3,Total Primary Energy Consumption per Real Dollar of GDP,Thousand Btu per Chained (2012) Dollar
TETGRUS,196913,13.26,3,Total Primary Energy Consumption per Real Dollar of GDP,Thousand Btu per Chained (2012) Dollar
TETGRUS,197013,13.69,3,Total Primary Energy Consumption per Real Dollar of GDP,Thousand Btu per Chained (2012) Dollar
TETGRUS,197113,13.53,3,Total Primary Energy Consumption per Real Dollar of GDP,Thousand Btu per Chained (2012) Dollar
TETGRUS,197213,13.49,3,Total Primary Energy Consumption per Real Dollar of GDP,Thousand Btu per Chained (2012) Dollar
TETGRUS,197313,13.29,3,Total Primary Energy Consumption per Real Dollar of GDP,Thousand Btu per Chained (2012) Dollar
TETGRUS,197413,13.06,3,Total Primary Energy Consumption per Real Dollar of GDP,Thousand Btu per Chained (2012) Dollar
TETGRUS,197513,12.73,3,Total Primary Energy Consumption per Real Dollar of GDP,Thousand Btu per Chained (2012) Dollar
TETGRUS,197613,12.76,3,Total Primary Energy Consumption per Real Dollar of GDP,Thousand Btu per Chained (2012) Dollar
TETGRUS,197713,12.51,3,Total Primary Energy Consumption per Real Dollar of GDP,Thousand Btu per Chained (2012) Dollar
TETGRUS,197813,12.16,3,Total Primary Energy Consumption per Real Dollar of GDP,Thousand Btu per Chained (2012) Dollar
TETGRUS,197913,11.92,3,Total Primary Energy Consumption per Real Dollar of GDP,Thousand Btu per Chained (2012) Dollar
TETGRUS,198013,11.54,3,Total Primary Energy Consumption per Real Dollar of GDP,Thousand Btu per Chained (2012) Dollar
TETGRUS,198113,10.97,3,Total Primary Energy Consumption per Real Dollar of GDP,Thousand Btu per Chained (2012) Dollar
TETGRUS,198213,10.73,3,Total Primary Energy Consumption per Real Dollar of GDP,Thousand Btu per Chained (2012) Dollar
TETGRUS,198313,10.24,3,Total Primary Energy Consumption per Real Dollar of GDP,Thousand Btu per Chained (2012) Dollar
TETGRUS,198413,10.03,3,Total Primary Energy Consumption per Real Dollar of GDP,Thousand Btu per Chained (2012) Dollar
TETGRUS,198513,9.59,3,Total Primary Energy Consumption per Real Dollar of GDP,Thousand Btu per Chained (2012) Dollar
TETGRUS,198613,9.31,3,Total Primary Energy Consumption per Real Dollar of GDP,Thousand Btu per Chained (2012) Dollar
TETGRUS,198713,9.28,3,Total Primary Energy Consumption per Real Dollar of GDP,Thousand Btu per Chained (2012) Dollar
TETGRUS,198813,9.32,3,Total Primary Energy Consumption per Real Dollar of GDP,Thousand Btu per Chained (2012) Dollar
TETGRUS,198913,9.21,3,Total Primary Energy Consumption per Real Dollar of GDP,Thousand Btu per Chained (2012) Dollar
TETGRUS,199013,9.01,3,Total Primary Energy Consumption per Real Dollar of GDP,Thousand Btu per Chained (2012) Dollar
TETGRUS,199113,9.01,3,Total Primary Energy Consumption per Real Dollar of GDP,Thousand Btu per Chained (2012) Dollar
TETGRUS,199213,8.85,3,Total Primary Energy Consumption per Real Dollar of GDP,Thousand Btu per Chained (2012) Dollar
TETGRUS,199313,8.76,3,Total Primary Energy Consumption per Real Dollar of GDP,Thousand Btu per Chained (2012) Dollar
TETGRUS,199413,8.59,3,Total Primary Energy Consumption per Real Dollar of GDP,Thousand Btu per Chained (2012) Dollar
TETGRUS,199513,8.55,3,Total Primary Energy Consumption per Real Dollar of GDP,Thousand Btu per Chained (2012) Dollar
TETGRUS,199613,8.51,3,Total Primary Energy Consumption per Real Dollar of GDP,Thousand Btu per Chained (2012) Dollar
TETGRUS,199713,8.2,3,Total Primary Energy Consumption per Real Dollar of GDP,Thousand Btu per Chained (2012) Dollar
TETGRUS,199813,7.88,3,Total Primary Energy Consumption per Real Dollar of GDP,Thousand Btu per Chained (2012) Dollar
TETGRUS,199913,7.65,3,Total Primary Energy Consumption per Real Dollar of GDP,Thousand Btu per Chained (2012) Dollar
TETGRUS,200013,7.51,3,Total Primary Energy Consumption per Real Dollar of GDP,Thousand Btu per Chained (2012) Dollar
TETGRUS,200113,7.24,3,Total Primary Energy Consumption per Real Dollar of GDP,Thousand Btu per Chained (2012) Dollar
TETGRUS,200213,7.23,3,Total Primary Energy Consumption per Real Dollar of GDP,Thousand Btu per Chained (2012) Dollar
TETGRUS,200313,7.06,3,Total Primary Energy Consumption per Real Dollar of GDP,Thousand Btu per Chained (2012) Dollar
TETGRUS,200413,6.94,3,Total Primary Energy Consumption per Real Dollar of GDP,Thousand Btu per Chained (2012) Dollar
TETGRUS,200513,6.72,3,Total Primary Energy Consumption per Real Dollar of GDP,Thousand Btu per Chained (2012) Dollar
TETGRUS,200613,6.49,3,Total Primary Energy Consumption per Real Dollar of GDP,Thousand Btu per Chained (2012) Dollar
TETGRUS,200713,6.46,3,Total Primary Energy Consumption per Real Dollar of GDP,Thousand Btu per Chained (2012) Dollar
TETGRUS,200813,6.31,3,Total Primary Energy Consumption per Real Dollar of GDP,Thousand Btu per Chained (2012) Dollar
TETGRUS,200913,6.17,3,Total Primary Energy Consumption per Real Dollar of GDP,Thousand Btu per Chained (2012) Dollar
TETGRUS,201013,6.23,3,Total Primary Energy Consumption per Real Dollar of GDP,Thousand Btu per Chained (2012) Dollar
TETGRUS,201113,6.1,3,Total Primary Energy Consumption per Real Dollar of GDP,Thousand Btu per Chained (2012) Dollar
TETGRUS,201213,5.81,3,Total Primary Energy Consumption per Real Dollar of GDP,Thousand Btu per Chained (2012) Dollar
TETGRUS,201313,5.87,3,Total Primary Energy Consumption per Real Dollar of GDP,Thousand Btu per Chained (2012) Dollar
TETGRUS,201413,5.81,3,Total Primary Energy Consumption per Real Dollar of GDP,Thousand Btu per Chained (2012) Dollar
TETGRUS,201513,5.6,3,Total Primary Energy Consumption per Real Dollar of GDP,Thousand Btu per Chained (2012) Dollar
TETGRUS,201613,5.51,3,Total Primary Energy Consumption per Real Dollar of GDP,Thousand Btu per Chained (2012) Dollar
TETGRUS,201713,5.4,3,Total Primary Energy Consumption per Real Dollar of GDP,Thousand Btu per Chained (2012) Dollar
TETGRUS,201813,5.44,3,Total Primary Energy Consumption per Real Dollar of GDP,Thousand Btu per Chained (2012) Dollar
TETGRUS,201913,5.28,3,Total Primary Energy Consumption per Real Dollar of GDP,Thousand Btu per Chained (2012) Dollar
TETGRUS,202013,5.06,3,Total Primary Energy Consumption per Real Dollar of GDP,Thousand Btu per Chained (2012) Dollar
TETGRUS,202113,5.01,3,Total Primary Energy Consumption per Real Dollar of GDP,Thousand Btu per Chained (2012) Dollar
TETCVUS,194913,Not Available,4,Energy Expenditures,Million Nominal Dollars
TETCVUS,195013,Not Available,4,Energy Expenditures,Million Nominal Dollars
TETCVUS,195113,Not Available,4,Energy Expenditures,Million Nominal Dollars
TETCVUS,195213,Not Available,4,Energy Expenditures,Million Nominal Dollars
TETCVUS,195313,Not Available,4,Energy Expenditures,Million Nominal Dollars
TETCVUS,195413,Not Available,4,Energy Expenditures,Million Nominal Dollars
TETCVUS,195513,Not Available,4,Energy Expenditures,Million Nominal Dollars
TETCVUS,195613,Not Available,4,Energy Expenditures,Million Nominal Dollars
TETCVUS,195713,Not Available,4,Energy Expenditures,Million Nominal Dollars
TETCVUS,195813,Not Available,4,Energy Expenditures,Million Nominal Dollars
TETCVUS,195913,Not Available,4,Energy Expenditures,Million Nominal Dollars
TETCVUS,196013,Not Available,4,Energy Expenditures,Million Nominal Dollars
TETCVUS,196113,Not Available,4,Energy Expenditures,Million Nominal Dollars
TETCVUS,196213,Not Available,4,Energy Expenditures,Million Nominal Dollars
TETCVUS,196313,Not Available,4,Energy Expenditures,Million Nominal Dollars
TETCVUS,196413,Not Available,4,Energy Expenditures,Million Nominal Dollars
TETCVUS,196513,Not Available,4,Energy Expenditures,Million Nominal Dollars
TETCVUS,196613,Not Available,4,Energy Expenditures,Million Nominal Dollars
TETCVUS,196713,Not Available,4,Energy Expenditures,Million Nominal Dollars
TETCVUS,196813,Not Available,4,Energy Expenditures,Million Nominal Dollars
TETCVUS,196913,Not Available,4,Energy Expenditures,Million Nominal Dollars
TETCVUS,197013,82874.77,4,Energy Expenditures,Million Nominal Dollars
TETCVUS,197113,90037.83,4,Energy Expenditures,Million Nominal Dollars
TETCVUS,197213,98070.23,4,Energy Expenditures,Million Nominal Dollars
TETCVUS,197313,111894.17,4,Energy Expenditures,Million Nominal Dollars
TETCVUS,197413,153369.01,4,Energy Expenditures,Million Nominal Dollars
TETCVUS,197513,171853.74,4,Energy Expenditures,Million Nominal Dollars
TETCVUS,197613,193915.85,4,Energy Expenditures,Million Nominal Dollars
TETCVUS,197713,220499.07,4,Energy Expenditures,Million Nominal Dollars
TETCVUS,197813,239280.18,4,Energy Expenditures,Million Nominal Dollars
TETCVUS,197913,297574.63,4,Energy Expenditures,Million Nominal Dollars
TETCVUS,198013,374350.01,4,Energy Expenditures,Million Nominal Dollars
TETCVUS,198113,427901.18,4,Energy Expenditures,Million Nominal Dollars
TETCVUS,198213,426482.04,4,Energy Expenditures,Million Nominal Dollars
TETCVUS,198313,417621.52,4,Energy Expenditures,Million Nominal Dollars
TETCVUS,198413,435312.89,4,Energy Expenditures,Million Nominal Dollars
TETCVUS,198513,438343.15,4,Energy Expenditures,Million Nominal Dollars
TETCVUS,198613,384090.9,4,Energy Expenditures,Million Nominal Dollars
TETCVUS,198713,397626.64,4,Energy Expenditures,Million Nominal Dollars
TETCVUS,198813,411568.41,4,Energy Expenditures,Million Nominal Dollars
TETCVUS,198913,439051.27,4,Energy Expenditures,Million Nominal Dollars
TETCVUS,199013,474652.2,4,Energy Expenditures,Million Nominal Dollars
TETCVUS,199113,472439.63,4,Energy Expenditures,Million Nominal Dollars
TETCVUS,199213,476844.99,4,Energy Expenditures,Million Nominal Dollars
TETCVUS,199313,492274.6,4,Energy Expenditures,Million Nominal Dollars
TETCVUS,199413,504856.36,4,Energy Expenditures,Million Nominal Dollars
TETCVUS,199513,514623.52,4,Energy Expenditures,Million Nominal Dollars
TETCVUS,199613,560292.89,4,Energy Expenditures,Million Nominal Dollars
TETCVUS,199713,567961.81,4,Energy Expenditures,Million Nominal Dollars
TETCVUS,199813,526282.64,4,Energy Expenditures,Million Nominal Dollars
TETCVUS,199913,558626.72,4,Energy Expenditures,Million Nominal Dollars
TETCVUS,200013,687710.87,4,Energy Expenditures,Million Nominal Dollars
TETCVUS,200113,696242.14,4,Energy Expenditures,Million Nominal Dollars
TETCVUS,200213,663964.43,4,Energy Expenditures,Million Nominal Dollars
TETCVUS,200313,755070.34,4,Energy Expenditures,Million Nominal Dollars
TETCVUS,200413,871210.24,4,Energy Expenditures,Million Nominal Dollars
TETCVUS,200513,1045730.36,4,Energy Expenditures,Million Nominal Dollars
TETCVUS,200613,1158820.58,4,Energy Expenditures,Million Nominal Dollars
TETCVUS,200713,1233868.68,4,Energy Expenditures,Million Nominal Dollars
TETCVUS,200813,1408759.34,4,Energy Expenditures,Million Nominal Dollars
TETCVUS,200913,1066292.79,4,Energy Expenditures,Million Nominal Dollars
TETCVUS,201013,1214085.22,4,Energy Expenditures,Million Nominal Dollars
TETCVUS,201113,1392316.44,4,Energy Expenditures,Million Nominal Dollars
TETCVUS,201213,1354980.63,4,Energy Expenditures,Million Nominal Dollars
TETCVUS,201313,1376234.31,4,Energy Expenditures,Million Nominal Dollars
TETCVUS,201413,1395253.9,4,Energy Expenditures,Million Nominal Dollars
TETCVUS,201513,1128234.05,4,Energy Expenditures,Million Nominal Dollars
TETCVUS,201613,1038671.9,4,Energy Expenditures,Million Nominal Dollars
TETCVUS,201713,1136211.46,4,Energy Expenditures,Million Nominal Dollars
TETCVUS,201813,1271632.51,4,Energy Expenditures,Million Nominal Dollars
TETCVUS,201913,1223852.03,4,Energy Expenditures,Million Nominal Dollars
TETCVUS,202013,Not Available,4,Energy Expenditures,Million Nominal Dollars
TETCVUS,202113,Not Available,4,Energy Expenditures,Million Nominal Dollars
TETCHUS,194913,Not Available,5,Energy Expenditures per Capita,Nominal Dollars
TETCHUS,195013,Not Available,5,Energy Expenditures per Capita,Nominal Dollars
TETCHUS,195113,Not Available,5,Energy Expenditures per Capita,Nominal Dollars
TETCHUS,195213,Not Available,5,Energy Expenditures per Capita,Nominal Dollars
TETCHUS,195313,Not Available,5,Energy Expenditures per Capita,Nominal Dollars
TETCHUS,195413,Not Available,5,Energy Expenditures per Capita,Nominal Dollars
TETCHUS,195513,Not Available,5,Energy Expenditures per Capita,Nominal Dollars
TETCHUS,195613,Not Available,5,Energy Expenditures per Capita,Nominal Dollars
TETCHUS,195713,Not Available,5,Energy Expenditures per Capita,Nominal Dollars
TETCHUS,195813,Not Available,5,Energy Expenditures per Capita,Nominal Dollars
TETCHUS,195913,Not Available,5,Energy Expenditures per Capita,Nominal Dollars
TETCHUS,196013,Not Available,5,Energy Expenditures per Capita,Nominal Dollars
TETCHUS,196113,Not Available,5,Energy Expenditures per Capita,Nominal Dollars
TETCHUS,196213,Not Available,5,Energy Expenditures per Capita,Nominal Dollars
TETCHUS,196313,Not Available,5,Energy Expenditures per Capita,Nominal Dollars
TETCHUS,196413,Not Available,5,Energy Expenditures per Capita,Nominal Dollars
TETCHUS,196513,Not Available,5,Energy Expenditures per Capita,Nominal Dollars
TETCHUS,196613,Not Available,5,Energy Expenditures per Capita,Nominal Dollars
TETCHUS,196713,Not Available,5,Energy Expenditures per Capita,Nominal Dollars
TETCHUS,196813,Not Available,5,Energy Expenditures per Capita,Nominal Dollars
TETCHUS,196913,Not Available,5,Energy Expenditures per Capita,Nominal Dollars
TETCHUS,197013,404,5,Energy Expenditures per Capita,Nominal Dollars
TETCHUS,197113,434,5,Energy Expenditures per Capita,Nominal Dollars
TETCHUS,197213,467,5,Energy Expenditures per Capita,Nominal Dollars
TETCHUS,197313,528,5,Energy Expenditures per Capita,Nominal Dollars
TETCHUS,197413,717,5,Energy Expenditures per Capita,Nominal Dollars
TETCHUS,197513,796,5,Energy Expenditures per Capita,Nominal Dollars
TETCHUS,197613,889,5,Energy Expenditures per Capita,Nominal Dollars
TETCHUS,197713,1001,5,Energy Expenditures per Capita,Nominal Dollars
TETCHUS,197813,1075,5,Energy Expenditures per Capita,Nominal Dollars
TETCHUS,197913,1322,5,Energy Expenditures per Capita,Nominal Dollars
TETCHUS,198013,1647,5,Energy Expenditures per Capita,Nominal Dollars
TETCHUS,198113,1865,5,Energy Expenditures per Capita,Nominal Dollars
TETCHUS,198213,1841,5,Energy Expenditures per Capita,Nominal Dollars
TETCHUS,198313,1786,5,Energy Expenditures per Capita,Nominal Dollars
TETCHUS,198413,1846,5,Energy Expenditures per Capita,Nominal Dollars
TETCHUS,198513,1842,5,Energy Expenditures per Capita,Nominal Dollars
TETCHUS,198613,1599,5,Energy Expenditures per Capita,Nominal Dollars
TETCHUS,198713,1641,5,Energy Expenditures per Capita,Nominal Dollars
TETCHUS,198813,1683,5,Energy Expenditures per Capita,Nominal Dollars
TETCHUS,198913,1779,5,Energy Expenditures per Capita,Nominal Dollars
TETCHUS,199013,1901,5,Energy Expenditures per Capita,Nominal Dollars
TETCHUS,199113,1867,5,Energy Expenditures per Capita,Nominal Dollars
TETCHUS,199213,1859,5,Energy Expenditures per Capita,Nominal Dollars
TETCHUS,199313,1894,5,Energy Expenditures per Capita,Nominal Dollars
TETCHUS,199413,1919,5,Energy Expenditures per Capita,Nominal Dollars
TETCHUS,199513,1933,5,Energy Expenditures per Capita,Nominal Dollars
TETCHUS,199613,2080,5,Energy Expenditures per Capita,Nominal Dollars
TETCHUS,199713,2083,5,Energy Expenditures per Capita,Nominal Dollars
TETCHUS,199813,1908,5,Energy Expenditures per Capita,Nominal Dollars
TETCHUS,199913,2002,5,Energy Expenditures per Capita,Nominal Dollars
TETCHUS,200013,2437,5,Energy Expenditures per Capita,Nominal Dollars
TETCHUS,200113,2443,5,Energy Expenditures per Capita,Nominal Dollars
TETCHUS,200213,2308,5,Energy Expenditures per Capita,Nominal Dollars
TETCHUS,200313,2603,5,Energy Expenditures per Capita,Nominal Dollars
TETCHUS,200413,2975,5,Energy Expenditures per Capita,Nominal Dollars
TETCHUS,200513,3539,5,Energy Expenditures per Capita,Nominal Dollars
TETCHUS,200613,3884,5,Energy Expenditures per Capita,Nominal Dollars
TETCHUS,200713,4096,5,Energy Expenditures per Capita,Nominal Dollars
TETCHUS,200813,4633,5,Energy Expenditures per Capita,Nominal Dollars
TETCHUS,200913,3476,5,Energy Expenditures per Capita,Nominal Dollars
TETCHUS,201013,3925,5,Energy Expenditures per Capita,Nominal Dollars
TETCHUS,201113,4469,5,Energy Expenditures per Capita,Nominal Dollars
TETCHUS,201213,4318,5,Energy Expenditures per Capita,Nominal Dollars
TETCHUS,201313,4355,5,Energy Expenditures per Capita,Nominal Dollars
TETCHUS,201413,4383,5,Energy Expenditures per Capita,Nominal Dollars
TETCHUS,201513,3519,5,Energy Expenditures per Capita,Nominal Dollars
TETCHUS,201613,3216,5,Energy Expenditures per Capita,Nominal Dollars
TETCHUS,201713,3496,5,Energy Expenditures per Capita,Nominal Dollars
TETCHUS,201813,3893,5,Energy Expenditures per Capita,Nominal Dollars
TETCHUS,201913,3729,5,Energy Expenditures per Capita,Nominal Dollars
TETCHUS,202013,Not Available,5,Energy Expenditures per Capita,Nominal Dollars
TETCHUS,202113,Not Available,5,Energy Expenditures per Capita,Nominal Dollars
TEGDSUS,194913,Not Available,6,Energy Expenditures as Share of GDP,Percent
TEGDSUS,195013,Not Available,6,Energy Expenditures as Share of GDP,Percent
TEGDSUS,195113,Not Available,6,Energy Expenditures as Share of GDP,Percent
TEGDSUS,195213,Not Available,6,Energy Expenditures as Share of GDP,Percent
TEGDSUS,195313,Not Available,6,Energy Expenditures as Share of GDP,Percent
TEGDSUS,195413,Not Available,6,Energy Expenditures as Share of GDP,Percent
TEGDSUS,195513,Not Available,6,Energy Expenditures as Share of GDP,Percent
TEGDSUS,195613,Not Available,6,Energy Expenditures as Share of GDP,Percent
TEGDSUS,195713,Not Available,6,Energy Expenditures as Share of GDP,Percent
TEGDSUS,195813,Not Available,6,Energy Expenditures as Share of GDP,Percent
TEGDSUS,195913,Not Available,6,Energy Expenditures as Share of GDP,Percent
TEGDSUS,196013,Not Available,6,Energy Expenditures as Share of GDP,Percent
TEGDSUS,196113,Not Available,6,Energy Expenditures as Share of GDP,Percent
TEGDSUS,196213,Not Available,6,Energy Expenditures as Share of GDP,Percent
TEGDSUS,196313,Not Available,6,Energy Expenditures as Share of GDP,Percent
TEGDSUS,196413,Not Available,6,Energy Expenditures as Share of GDP,Percent
TEGDSUS,196513,Not Available,6,Energy Expenditures as Share of GDP,Percent
TEGDSUS,196613,Not Available,6,Energy Expenditures as Share of GDP,Percent
TEGDSUS,196713,Not Available,6,Energy Expenditures as Share of GDP,Percent
TEGDSUS,196813,Not Available,6,Energy Expenditures as Share of GDP,Percent
TEGDSUS,196913,Not Available,6,Energy Expenditures as Share of GDP,Percent
TEGDSUS,197013,7.7,6,Energy Expenditures as Share of GDP,Percent
TEGDSUS,197113,7.7,6,Energy Expenditures as Share of GDP,Percent
TEGDSUS,197213,7.7,6,Energy Expenditures as Share of GDP,Percent
TEGDSUS,197313,7.9,6,Energy Expenditures as Share of GDP,Percent
TEGDSUS,197413,9.9,6,Energy Expenditures as Share of GDP,Percent
TEGDSUS,197513,10.2,6,Energy Expenditures as Share of GDP,Percent
TEGDSUS,197613,10.4,6,Energy Expenditures as Share of GDP,Percent
TEGDSUS,197713,10.6,6,Energy Expenditures as Share of GDP,Percent
TEGDSUS,197813,10.2,6,Energy Expenditures as Share of GDP,Percent
TEGDSUS,197913,11.3,6,Energy Expenditures as Share of GDP,Percent
TEGDSUS,198013,13.1,6,Energy Expenditures as Share of GDP,Percent
TEGDSUS,198113,13.3,6,Energy Expenditures as Share of GDP,Percent
TEGDSUS,198213,12.8,6,Energy Expenditures as Share of GDP,Percent
TEGDSUS,198313,11.5,6,Energy Expenditures as Share of GDP,Percent
TEGDSUS,198413,10.8,6,Energy Expenditures as Share of GDP,Percent
TEGDSUS,198513,10.1,6,Energy Expenditures as Share of GDP,Percent
TEGDSUS,198613,8.4,6,Energy Expenditures as Share of GDP,Percent
TEGDSUS,198713,8.2,6,Energy Expenditures as Share of GDP,Percent
TEGDSUS,198813,7.9,6,Energy Expenditures as Share of GDP,Percent
TEGDSUS,198913,7.8,6,Energy Expenditures as Share of GDP,Percent
TEGDSUS,199013,8,6,Energy Expenditures as Share of GDP,Percent
TEGDSUS,199113,7.7,6,Energy Expenditures as Share of GDP,Percent
TEGDSUS,199213,7.3,6,Energy Expenditures as Share of GDP,Percent
TEGDSUS,199313,7.2,6,Energy Expenditures as Share of GDP,Percent
TEGDSUS,199413,6.9,6,Energy Expenditures as Share of GDP,Percent
TEGDSUS,199513,6.7,6,Energy Expenditures as Share of GDP,Percent
TEGDSUS,199613,6.9,6,Energy Expenditures as Share of GDP,Percent
TEGDSUS,199713,6.6,6,Energy Expenditures as Share of GDP,Percent
TEGDSUS,199813,5.8,6,Energy Expenditures as Share of GDP,Percent
TEGDSUS,199913,5.8,6,Energy Expenditures as Share of GDP,Percent
TEGDSUS,200013,6.7,6,Energy Expenditures as Share of GDP,Percent
TEGDSUS,200113,6.6,6,Energy Expenditures as Share of GDP,Percent
TEGDSUS,200213,6.1,6,Energy Expenditures as Share of GDP,Percent
TEGDSUS,200313,6.6,6,Energy Expenditures as Share of GDP,Percent
TEGDSUS,200413,7.1,6,Energy Expenditures as Share of GDP,Percent
TEGDSUS,200513,8,6,Energy Expenditures as Share of GDP,Percent
TEGDSUS,200613,8.4,6,Energy Expenditures as Share of GDP,Percent
TEGDSUS,200713,8.5,6,Energy Expenditures as Share of GDP,Percent
TEGDSUS,200813,9.5,6,Energy Expenditures as Share of GDP,Percent
TEGDSUS,200913,7.4,6,Energy Expenditures as Share of GDP,Percent
TEGDSUS,201013,8.1,6,Energy Expenditures as Share of GDP,Percent
TEGDSUS,201113,8.9,6,Energy Expenditures as Share of GDP,Percent
TEGDSUS,201213,8.3,6,Energy Expenditures as Share of GDP,Percent
TEGDSUS,201313,8.2,6,Energy Expenditures as Share of GDP,Percent
TEGDSUS,201413,7.9,6,Energy Expenditures as Share of GDP,Percent
TEGDSUS,201513,6.2,6,Energy Expenditures as Share of GDP,Percent
TEGDSUS,201613,5.6,6,Energy Expenditures as Share of GDP,Percent
TEGDSUS,201713,5.8,6,Energy Expenditures as Share of GDP,Percent
TEGDSUS,201813,6.2,6,Energy Expenditures as Share of GDP,Percent
TEGDSUS,201913,5.7,6,Energy Expenditures as Share of GDP,Percent
TEGDSUS,202013,Not Available,6,Energy Expenditures as Share of GDP,Percent
TEGDSUS,202113,Not Available,6,Energy Expenditures as Share of GDP,Percent
TEGOSUS,194913,Not Available,7,Energy Expenditures as Share of Gross Output,Percent
TEGOSUS,195013,Not Available,7,Energy Expenditures as Share of Gross Output,Percent
TEGOSUS,195113,Not Available,7,Energy Expenditures as Share of Gross Output,Percent
TEGOSUS,195213,Not Available,7,Energy Expenditures as Share of Gross Output,Percent
TEGOSUS,195313,Not Available,7,Energy Expenditures as Share of Gross Output,Percent
TEGOSUS,195413,Not Available,7,Energy Expenditures as Share of Gross Output,Percent
TEGOSUS,195513,Not Available,7,Energy Expenditures as Share of Gross Output,Percent
TEGOSUS,195613,Not Available,7,Energy Expenditures as Share of Gross Output,Percent
TEGOSUS,195713,Not Available,7,Energy Expenditures as Share of Gross Output,Percent
TEGOSUS,195813,Not Available,7,Energy Expenditures as Share of Gross Output,Percent
TEGOSUS,195913,Not Available,7,Energy Expenditures as Share of Gross Output,Percent
TEGOSUS,196013,Not Available,7,Energy Expenditures as Share of Gross Output,Percent
TEGOSUS,196113,Not Available,7,Energy Expenditures as Share of Gross Output,Percent
TEGOSUS,196213,Not Available,7,Energy Expenditures as Share of Gross Output,Percent
TEGOSUS,196313,Not Available,7,Energy Expenditures as Share of Gross Output,Percent
TEGOSUS,196413,Not Available,7,Energy Expenditures as Share of Gross Output,Percent
TEGOSUS,196513,Not Available,7,Energy Expenditures as Share of Gross Output,Percent
TEGOSUS,196613,Not Available,7,Energy Expenditures as Share of Gross Output,Percent
TEGOSUS,196713,Not Available,7,Energy Expenditures as Share of Gross Output,Percent
TEGOSUS,196813,Not Available,7,Energy Expenditures as Share of Gross Output,Percent
TEGOSUS,196913,Not Available,7,Energy Expenditures as Share of Gross Output,Percent
TEGOSUS,197013,4.4,7,Energy Expenditures as Share of Gross Output,Percent
TEGOSUS,197113,4.4,7,Energy Expenditures as Share of Gross Output,Percent
TEGOSUS,197213,4.3,7,Energy Expenditures as Share of Gross Output,Percent
TEGOSUS,197313,4.4,7,Energy Expenditures as Share of Gross Output,Percent
TEGOSUS,197413,5.3,7,Energy Expenditures as Share of Gross Output,Percent
TEGOSUS,197513,5.6,7,Energy Expenditures as Share of Gross Output,Percent
TEGOSUS,197613,5.6,7,Energy Expenditures as Share of Gross Output,Percent
TEGOSUS,197713,5.7,7,Energy Expenditures as Share of Gross Output,Percent
TEGOSUS,197813,5.5,7,Energy Expenditures as Share of Gross Output,Percent
TEGOSUS,197913,6,7,Energy Expenditures as Share of Gross Output,Percent
TEGOSUS,198013,6.9,7,Energy Expenditures as Share of Gross Output,Percent
TEGOSUS,198113,7.1,7,Energy Expenditures as Share of Gross Output,Percent
TEGOSUS,198213,6.9,7,Energy Expenditures as Share of Gross Output,Percent
TEGOSUS,198313,6.3,7,Energy Expenditures as Share of Gross Output,Percent
TEGOSUS,198413,6,7,Energy Expenditures as Share of Gross Output,Percent
TEGOSUS,198513,5.6,7,Energy Expenditures as Share of Gross Output,Percent
TEGOSUS,198613,4.8,7,Energy Expenditures as Share of Gross Output,Percent
TEGOSUS,198713,4.6,7,Energy Expenditures as Share of Gross Output,Percent
TEGOSUS,198813,4.4,7,Energy Expenditures as Share of Gross Output,Percent
TEGOSUS,198913,4.4,7,Energy Expenditures as Share of Gross Output,Percent
TEGOSUS,199013,4.5,7,Energy Expenditures as Share of Gross Output,Percent
TEGOSUS,199113,4.4,7,Energy Expenditures as Share of Gross Output,Percent
TEGOSUS,199213,4.2,7,Energy Expenditures as Share of Gross Output,Percent
TEGOSUS,199313,4.1,7,Energy Expenditures as Share of Gross Output,Percent
TEGOSUS,199413,3.9,7,Energy Expenditures as Share of Gross Output,Percent
TEGOSUS,199513,3.8,7,Energy Expenditures as Share of Gross Output,Percent
TEGOSUS,199613,3.9,7,Energy Expenditures as Share of Gross Output,Percent
TEGOSUS,199713,3.7,7,Energy Expenditures as Share of Gross Output,Percent
TEGOSUS,199813,3.2,7,Energy Expenditures as Share of Gross Output,Percent
TEGOSUS,199913,3.2,7,Energy Expenditures as Share of Gross Output,Percent
TEGOSUS,200013,3.7,7,Energy Expenditures as Share of Gross Output,Percent
TEGOSUS,200113,3.7,7,Energy Expenditures as Share of Gross Output,Percent
TEGOSUS,200213,3.5,7,Energy Expenditures as Share of Gross Output,Percent
TEGOSUS,200313,3.7,7,Energy Expenditures as Share of Gross Output,Percent
TEGOSUS,200413,4,7,Energy Expenditures as Share of Gross Output,Percent
TEGOSUS,200513,4.4,7,Energy Expenditures as Share of Gross Output,Percent
TEGOSUS,200613,4.6,7,Energy Expenditures as Share of Gross Output,Percent
TEGOSUS,200713,4.7,7,Energy Expenditures as Share of Gross Output,Percent
TEGOSUS,200813,5.2,7,Energy Expenditures as Share of Gross Output,Percent
TEGOSUS,200913,4.3,7,Energy Expenditures as Share of Gross Output,Percent
TEGOSUS,201013,4.6,7,Energy Expenditures as Share of Gross Output,Percent
TEGOSUS,201113,5,7,Energy Expenditures as Share of Gross Output,Percent
TEGOSUS,201213,4.6,7,Energy Expenditures as Share of Gross Output,Percent
TEGOSUS,201313,4.5,7,Energy Expenditures as Share of Gross Output,Percent
TEGOSUS,201413,4.4,7,Energy Expenditures as Share of Gross Output,Percent
TEGOSUS,201513,3.5,7,Energy Expenditures as Share of Gross Output,Percent
TEGOSUS,201613,3.2,7,Energy Expenditures as Share of Gross Output,Percent
TEGOSUS,201713,3.3,7,Energy Expenditures as Share of Gross Output,Percent
TEGOSUS,201813,3.5,7,Energy Expenditures as Share of Gross Output,Percent
TEGOSUS,201913,3.3,7,Energy Expenditures as Share of Gross Output,Percent
TEGOSUS,202013,Not Available,7,Energy Expenditures as Share of Gross Output,Percent
TEGOSUS,202113,Not Available,7,Energy Expenditures as Share of Gross Output,Percent
TETCEUS,194913,2206.691,8,Total Energy CO2 Emissions,Million Metric Tons Carbon Dioxide
TETCEUS,195013,2382.046,8,Total Energy CO2 Emissions,Million Metric Tons Carbon Dioxide
TETCEUS,195113,2526.687,8,Total Energy CO2 Emissions,Million Metric Tons Carbon Dioxide
TETCEUS,195213,2473.374,8,Total Energy CO2 Emissions,Million Metric Tons Carbon Dioxide
TETCEUS,195313,2536.893,8,Total Energy CO2 Emissions,Million Metric Tons Carbon Dioxide
TETCEUS,195413,2422.253,8,Total Energy CO2 Emissions,Million Metric Tons Carbon Dioxide
TETCEUS,195513,2684.786,8,Total Energy CO2 Emissions,Million Metric Tons Carbon Dioxide
TETCEUS,195613,2777.043,8,Total Energy CO2 Emissions,Million Metric Tons Carbon Dioxide
TETCEUS,195713,2756.562,8,Total Energy CO2 Emissions,Million Metric Tons Carbon Dioxide
TETCEUS,195813,2703.189,8,Total Energy CO2 Emissions,Million Metric Tons Carbon Dioxide
TETCEUS,195913,2807.171,8,Total Energy CO2 Emissions,Million Metric Tons Carbon Dioxide
TETCEUS,196013,2914.009,8,Total Energy CO2 Emissions,Million Metric Tons Carbon Dioxide
TETCEUS,196113,2942.791,8,Total Energy CO2 Emissions,Million Metric Tons Carbon Dioxide
TETCEUS,196213,3064.923,8,Total Energy CO2 Emissions,Million Metric Tons Carbon Dioxide
TETCEUS,196313,3184.517,8,Total Energy CO2 Emissions,Million Metric Tons Carbon Dioxide
TETCEUS,196413,3316.753,8,Total Energy CO2 Emissions,Million Metric Tons Carbon Dioxide
TETCEUS,196513,3461.741,8,Total Energy CO2 Emissions,Million Metric Tons Carbon Dioxide
TETCEUS,196613,3654.179,8,Total Energy CO2 Emissions,Million Metric Tons Carbon Dioxide
TETCEUS,196713,3749.382,8,Total Energy CO2 Emissions,Million Metric Tons Carbon Dioxide
TETCEUS,196813,3964.523,8,Total Energy CO2 Emissions,Million Metric Tons Carbon Dioxide
TETCEUS,196913,4134.687,8,Total Energy CO2 Emissions,Million Metric Tons Carbon Dioxide
TETCEUS,197013,4261.308,8,Total Energy CO2 Emissions,Million Metric Tons Carbon Dioxide
TETCEUS,197113,4311.927,8,Total Energy CO2 Emissions,Million Metric Tons Carbon Dioxide
TETCEUS,197213,4532.008,8,Total Energy CO2 Emissions,Million Metric Tons Carbon Dioxide
TETCEUS,197313,4720.863,8,Total Energy CO2 Emissions,Million Metric Tons Carbon Dioxide
TETCEUS,197413,4560.964,8,Total Energy CO2 Emissions,Million Metric Tons Carbon Dioxide
TETCEUS,197513,4427.888,8,Total Energy CO2 Emissions,Million Metric Tons Carbon Dioxide
TETCEUS,197613,4694.557,8,Total Energy CO2 Emissions,Million Metric Tons Carbon Dioxide
TETCEUS,197713,4835.09,8,Total Energy CO2 Emissions,Million Metric Tons Carbon Dioxide
TETCEUS,197813,4884.053,8,Total Energy CO2 Emissions,Million Metric Tons Carbon Dioxide
TETCEUS,197913,4949.836,8,Total Energy CO2 Emissions,Million Metric Tons Carbon Dioxide
TETCEUS,198013,4756.27,8,Total Energy CO2 Emissions,Million Metric Tons Carbon Dioxide
TETCEUS,198113,4636.631,8,Total Energy CO2 Emissions,Million Metric Tons Carbon Dioxide
TETCEUS,198213,4404.435,8,Total Energy CO2 Emissions,Million Metric Tons Carbon Dioxide
TETCEUS,198313,4383.942,8,Total Energy CO2 Emissions,Million Metric Tons Carbon Dioxide
TETCEUS,198413,4612.856,8,Total Energy CO2 Emissions,Million Metric Tons Carbon Dioxide
TETCEUS,198513,4605.355,8,Total Energy CO2 Emissions,Million Metric Tons Carbon Dioxide
TETCEUS,198613,4615.662,8,Total Energy CO2 Emissions,Million Metric Tons Carbon Dioxide
TETCEUS,198713,4775.551,8,Total Energy CO2 Emissions,Million Metric Tons Carbon Dioxide
TETCEUS,198813,4998.212,8,Total Energy CO2 Emissions,Million Metric Tons Carbon Dioxide
TETCEUS,198913,5084.559,8,Total Energy CO2 Emissions,Million Metric Tons Carbon Dioxide
TETCEUS,199013,5037.896,8,Total Energy CO2 Emissions,Million Metric Tons Carbon Dioxide
TETCEUS,199113,4992.685,8,Total Energy CO2 Emissions,Million Metric Tons Carbon Dioxide
TETCEUS,199213,5093.879,8,Total Energy CO2 Emissions,Million Metric Tons Carbon Dioxide
TETCEUS,199313,5185.52,8,Total Energy CO2 Emissions,Million Metric Tons Carbon Dioxide
TETCEUS,199413,5262.663,8,Total Energy CO2 Emissions,Million Metric Tons Carbon Dioxide
TETCEUS,199513,5324.311,8,Total Energy CO2 Emissions,Million Metric Tons Carbon Dioxide
TETCEUS,199613,5518.03,8,Total Energy CO2 Emissions,Million Metric Tons Carbon Dioxide
TETCEUS,199713,5589.322,8,Total Energy CO2 Emissions,Million Metric Tons Carbon Dioxide
TETCEUS,199813,5636.733,8,Total Energy CO2 Emissions,Million Metric Tons Carbon Dioxide
TETCEUS,199913,5700.253,8,Total Energy CO2 Emissions,Million Metric Tons Carbon Dioxide
TETCEUS,200013,5888.592,8,Total Energy CO2 Emissions,Million Metric Tons Carbon Dioxide
TETCEUS,200113,5777.788,8,Total Energy CO2 Emissions,Million Metric Tons Carbon Dioxide
TETCEUS,200213,5820.025,8,Total Energy CO2 Emissions,Million Metric Tons Carbon Dioxide
TETCEUS,200313,5886.417,8,Total Energy CO2 Emissions,Million Metric Tons Carbon Dioxide
TETCEUS,200413,5993.719,8,Total Energy CO2 Emissions,Million Metric Tons Carbon Dioxide
TETCEUS,200513,6006.994,8,Total Energy CO2 Emissions,Million Metric Tons Carbon Dioxide
TETCEUS,200613,5929.329,8,Total Energy CO2 Emissions,Million Metric Tons Carbon Dioxide
TETCEUS,200713,6015.538,8,Total Energy CO2 Emissions,Million Metric Tons Carbon Dioxide
TETCEUS,200813,5823.127,8,Total Energy CO2 Emissions,Million Metric Tons Carbon Dioxide
TETCEUS,200913,5403.665,8,Total Energy CO2 Emissions,Million Metric Tons Carbon Dioxide
TETCEUS,201013,5593.662,8,Total Energy CO2 Emissions,Million Metric Tons Carbon Dioxide
TETCEUS,201113,5454.696,8,Total Energy CO2 Emissions,Million Metric Tons Carbon Dioxide
TETCEUS,201213,5236.323,8,Total Energy CO2 Emissions,Million Metric Tons Carbon Dioxide
TETCEUS,201313,5358.87,8,Total Energy CO2 Emissions,Million Metric Tons Carbon Dioxide
TETCEUS,201413,5413.879,8,Total Energy CO2 Emissions,Million Metric Tons Carbon Dioxide
TETCEUS,201513,5262.076,8,Total Energy CO2 Emissions,Million Metric Tons Carbon Dioxide
TETCEUS,201613,5169.497,8,Total Energy CO2 Emissions,Million Metric Tons Carbon Dioxide
TETCEUS,201713,5131.081,8,Total Energy CO2 Emissions,Million Metric Tons Carbon Dioxide
TETCEUS,201813,5277.193,8,Total Energy CO2 Emissions,Million Metric Tons Carbon Dioxide
TETCEUS,201913,5144.361,8,Total Energy CO2 Emissions,Million Metric Tons Carbon Dioxide
TETCEUS,202013,4576.304,8,Total Energy CO2 Emissions,Million Metric Tons Carbon Dioxide
TETCEUS,202113,4869.973,8,Total Energy CO2 Emissions,Million Metric Tons Carbon Dioxide
CDTPRUS,194913,14.8,9,Total Energy CO2 Emissions per Capita,Metric Tons Carbon Dioxide
CDTPRUS,195013,15.6,9,Total Energy CO2 Emissions per Capita,Metric Tons Carbon Dioxide
CDTPRUS,195113,16.3,9,Total Energy CO2 Emissions per Capita,Metric Tons Carbon Dioxide
CDTPRUS,195213,15.7,9,Total Energy CO2 Emissions per Capita,Metric Tons Carbon Dioxide
CDTPRUS,195313,15.8,9,Total Energy CO2 Emissions per Capita,Metric Tons Carbon Dioxide
CDTPRUS,195413,14.9,9,Total Energy CO2 Emissions per Capita,Metric Tons Carbon Dioxide
CDTPRUS,195513,16.2,9,Total Energy CO2 Emissions per Capita,Metric Tons Carbon Dioxide
CDTPRUS,195613,16.4,9,Total Energy CO2 Emissions per Capita,Metric Tons Carbon Dioxide
CDTPRUS,195713,16,9,Total Energy CO2 Emissions per Capita,Metric Tons Carbon Dioxide
CDTPRUS,195813,15.5,9,Total Energy CO2 Emissions per Capita,Metric Tons Carbon Dioxide
CDTPRUS,195913,15.8,9,Total Energy CO2 Emissions per Capita,Metric Tons Carbon Dioxide
CDTPRUS,196013,16.1,9,Total Energy CO2 Emissions per Capita,Metric Tons Carbon Dioxide
CDTPRUS,196113,16,9,Total Energy CO2 Emissions per Capita,Metric Tons Carbon Dioxide
CDTPRUS,196213,16.4,9,Total Energy CO2 Emissions per Capita,Metric Tons Carbon Dioxide
CDTPRUS,196313,16.8,9,Total Energy CO2 Emissions per Capita,Metric Tons Carbon Dioxide
CDTPRUS,196413,17.3,9,Total Energy CO2 Emissions per Capita,Metric Tons Carbon Dioxide
CDTPRUS,196513,17.8,9,Total Energy CO2 Emissions per Capita,Metric Tons Carbon Dioxide
CDTPRUS,196613,18.6,9,Total Energy CO2 Emissions per Capita,Metric Tons Carbon Dioxide
CDTPRUS,196713,18.9,9,Total Energy CO2 Emissions per Capita,Metric Tons Carbon Dioxide
CDTPRUS,196813,19.8,9,Total Energy CO2 Emissions per Capita,Metric Tons Carbon Dioxide
CDTPRUS,196913,20.4,9,Total Energy CO2 Emissions per Capita,Metric Tons Carbon Dioxide
CDTPRUS,197013,20.8,9,Total Energy CO2 Emissions per Capita,Metric Tons Carbon Dioxide
CDTPRUS,197113,20.8,9,Total Energy CO2 Emissions per Capita,Metric Tons Carbon Dioxide
CDTPRUS,197213,21.6,9,Total Energy CO2 Emissions per Capita,Metric Tons Carbon Dioxide
CDTPRUS,197313,22.3,9,Total Energy CO2 Emissions per Capita,Metric Tons Carbon Dioxide
CDTPRUS,197413,21.3,9,Total Energy CO2 Emissions per Capita,Metric Tons Carbon Dioxide
CDTPRUS,197513,20.5,9,Total Energy CO2 Emissions per Capita,Metric Tons Carbon Dioxide
CDTPRUS,197613,21.5,9,Total Energy CO2 Emissions per Capita,Metric Tons Carbon Dioxide
CDTPRUS,197713,22,9,Total Energy CO2 Emissions per Capita,Metric Tons Carbon Dioxide
CDTPRUS,197813,21.9,9,Total Energy CO2 Emissions per Capita,Metric Tons Carbon Dioxide
CDTPRUS,197913,22,9,Total Energy CO2 Emissions per Capita,Metric Tons Carbon Dioxide
CDTPRUS,198013,20.9,9,Total Energy CO2 Emissions per Capita,Metric Tons Carbon Dioxide
CDTPRUS,198113,20.2,9,Total Energy CO2 Emissions per Capita,Metric Tons Carbon Dioxide
CDTPRUS,198213,19,9,Total Energy CO2 Emissions per Capita,Metric Tons Carbon Dioxide
CDTPRUS,198313,18.8,9,Total Energy CO2 Emissions per Capita,Metric Tons Carbon Dioxide
CDTPRUS,198413,19.6,9,Total Energy CO2 Emissions per Capita,Metric Tons Carbon Dioxide
CDTPRUS,198513,19.4,9,Total Energy CO2 Emissions per Capita,Metric Tons Carbon Dioxide
CDTPRUS,198613,19.2,9,Total Energy CO2 Emissions per Capita,Metric Tons Carbon Dioxide
CDTPRUS,198713,19.7,9,Total Energy CO2 Emissions per Capita,Metric Tons Carbon Dioxide
CDTPRUS,198813,20.4,9,Total Energy CO2 Emissions per Capita,Metric Tons Carbon Dioxide
CDTPRUS,198913,20.6,9,Total Energy CO2 Emissions per Capita,Metric Tons Carbon Dioxide
CDTPRUS,199013,20.2,9,Total Energy CO2 Emissions per Capita,Metric Tons Carbon Dioxide
CDTPRUS,199113,19.7,9,Total Energy CO2 Emissions per Capita,Metric Tons Carbon Dioxide
CDTPRUS,199213,19.9,9,Total Energy CO2 Emissions per Capita,Metric Tons Carbon Dioxide
CDTPRUS,199313,20,9,Total Energy CO2 Emissions per Capita,Metric Tons Carbon Dioxide
CDTPRUS,199413,20,9,Total Energy CO2 Emissions per Capita,Metric Tons Carbon Dioxide
CDTPRUS,199513,20,9,Total Energy CO2 Emissions per Capita,Metric Tons Carbon Dioxide
CDTPRUS,199613,20.5,9,Total Energy CO2 Emissions per Capita,Metric Tons Carbon Dioxide
CDTPRUS,199713,20.5,9,Total Energy CO2 Emissions per Capita,Metric Tons Carbon Dioxide
CDTPRUS,199813,20.4,9,Total Energy CO2 Emissions per Capita,Metric Tons Carbon Dioxide
CDTPRUS,199913,20.4,9,Total Energy CO2 Emissions per Capita,Metric Tons Carbon Dioxide
CDTPRUS,200013,20.9,9,Total Energy CO2 Emissions per Capita,Metric Tons Carbon Dioxide
CDTPRUS,200113,20.3,9,Total Energy CO2 Emissions per Capita,Metric Tons Carbon Dioxide
CDTPRUS,200213,20.2,9,Total Energy CO2 Emissions per Capita,Metric Tons Carbon Dioxide
CDTPRUS,200313,20.3,9,Total Energy CO2 Emissions per Capita,Metric Tons Carbon Dioxide
CDTPRUS,200413,20.5,9,Total Energy CO2 Emissions per Capita,Metric Tons Carbon Dioxide
CDTPRUS,200513,20.3,9,Total Energy CO2 Emissions per Capita,Metric Tons Carbon Dioxide
CDTPRUS,200613,19.9,9,Total Energy CO2 Emissions per Capita,Metric Tons Carbon Dioxide
CDTPRUS,200713,20,9,Total Energy CO2 Emissions per Capita,Metric Tons Carbon Dioxide
CDTPRUS,200813,19.1,9,Total Energy CO2 Emissions per Capita,Metric Tons Carbon Dioxide
CDTPRUS,200913,17.6,9,Total Energy CO2 Emissions per Capita,Metric Tons Carbon Dioxide
CDTPRUS,201013,18.1,9,Total Energy CO2 Emissions per Capita,Metric Tons Carbon Dioxide
CDTPRUS,201113,17.5,9,Total Energy CO2 Emissions per Capita,Metric Tons Carbon Dioxide
CDTPRUS,201213,16.7,9,Total Energy CO2 Emissions per Capita,Metric Tons Carbon Dioxide
CDTPRUS,201313,17,9,Total Energy CO2 Emissions per Capita,Metric Tons Carbon Dioxide
CDTPRUS,201413,17,9,Total Energy CO2 Emissions per Capita,Metric Tons Carbon Dioxide
CDTPRUS,201513,16.4,9,Total Energy CO2 Emissions per Capita,Metric Tons Carbon Dioxide
CDTPRUS,201613,16,9,Total Energy CO2 Emissions per Capita,Metric Tons Carbon Dioxide
CDTPRUS,201713,15.8,9,Total Energy CO2 Emissions per Capita,Metric Tons Carbon Dioxide
CDTPRUS,201813,16.2,9,Total Energy CO2 Emissions per Capita,Metric Tons Carbon Dioxide
CDTPRUS,201913,15.7,9,Total Energy CO2 Emissions per Capita,Metric Tons Carbon Dioxide
CDTPRUS,202013,13.8,9,Total Energy CO2 Emissions per Capita,Metric Tons Carbon Dioxide
CDTPRUS,202113,14.7,9,Total Energy CO2 Emissions per Capita,Metric Tons Carbon Dioxide
CDEGRUS,194913,1047,10,Total Energy CO2 Emissions per Real Dollar of GDP,Metric Tons Carbon Dioxide per Million Chained (2012) Dollars
CDEGRUS,195013,1040,10,Total Energy CO2 Emissions per Real Dollar of GDP,Metric Tons Carbon Dioxide per Million Chained (2012) Dollars
CDEGRUS,195113,1021,10,Total Energy CO2 Emissions per Real Dollar of GDP,Metric Tons Carbon Dioxide per Million Chained (2012) Dollars
CDEGRUS,195213,960,10,Total Energy CO2 Emissions per Real Dollar of GDP,Metric Tons Carbon Dioxide per Million Chained (2012) Dollars
CDEGRUS,195313,940,10,Total Energy CO2 Emissions per Real Dollar of GDP,Metric Tons Carbon Dioxide per Million Chained (2012) Dollars
CDEGRUS,195413,903,10,Total Energy CO2 Emissions per Real Dollar of GDP,Metric Tons Carbon Dioxide per Million Chained (2012) Dollars
CDEGRUS,195513,934,10,Total Energy CO2 Emissions per Real Dollar of GDP,Metric Tons Carbon Dioxide per Million Chained (2012) Dollars
CDEGRUS,195613,946,10,Total Energy CO2 Emissions per Real Dollar of GDP,Metric Tons Carbon Dioxide per Million Chained (2012) Dollars
CDEGRUS,195713,920,10,Total Energy CO2 Emissions per Real Dollar of GDP,Metric Tons Carbon Dioxide per Million Chained (2012) Dollars
CDEGRUS,195813,909,10,Total Energy CO2 Emissions per Real Dollar of GDP,Metric Tons Carbon Dioxide per Million Chained (2012) Dollars
CDEGRUS,195913,883,10,Total Energy CO2 Emissions per Real Dollar of GDP,Metric Tons Carbon Dioxide per Million Chained (2012) Dollars
CDEGRUS,196013,893,10,Total Energy CO2 Emissions per Real Dollar of GDP,Metric Tons Carbon Dioxide per Million Chained (2012) Dollars
CDEGRUS,196113,880,10,Total Energy CO2 Emissions per Real Dollar of GDP,Metric Tons Carbon Dioxide per Million Chained (2012) Dollars
CDEGRUS,196213,863,10,Total Energy CO2 Emissions per Real Dollar of GDP,Metric Tons Carbon Dioxide per Million Chained (2012) Dollars
CDEGRUS,196313,859,10,Total Energy CO2 Emissions per Real Dollar of GDP,Metric Tons Carbon Dioxide per Million Chained (2012) Dollars
CDEGRUS,196413,846,10,Total Energy CO2 Emissions per Real Dollar of GDP,Metric Tons Carbon Dioxide per Million Chained (2012) Dollars
CDEGRUS,196513,829,10,Total Energy CO2 Emissions per Real Dollar of GDP,Metric Tons Carbon Dioxide per Million Chained (2012) Dollars
CDEGRUS,196613,821,10,Total Energy CO2 Emissions per Real Dollar of GDP,Metric Tons Carbon Dioxide per Million Chained (2012) Dollars
CDEGRUS,196713,820,10,Total Energy CO2 Emissions per Real Dollar of GDP,Metric Tons Carbon Dioxide per Million Chained (2012) Dollars
CDEGRUS,196813,827,10,Total Energy CO2 Emissions per Real Dollar of GDP,Metric Tons Carbon Dioxide per Million Chained (2012) Dollars
CDEGRUS,196913,836,10,Total Energy CO2 Emissions per Real Dollar of GDP,Metric Tons Carbon Dioxide per Million Chained (2012) Dollars
CDEGRUS,197013,860,10,Total Energy CO2 Emissions per Real Dollar of GDP,Metric Tons Carbon Dioxide per Million Chained (2012) Dollars
CDEGRUS,197113,843,10,Total Energy CO2 Emissions per Real Dollar of GDP,Metric Tons Carbon Dioxide per Million Chained (2012) Dollars
CDEGRUS,197213,841,10,Total Energy CO2 Emissions per Real Dollar of GDP,Metric Tons Carbon Dioxide per Million Chained (2012) Dollars
CDEGRUS,197313,830,10,Total Energy CO2 Emissions per Real Dollar of GDP,Metric Tons Carbon Dioxide per Million Chained (2012) Dollars
CDEGRUS,197413,806,10,Total Energy CO2 Emissions per Real Dollar of GDP,Metric Tons Carbon Dioxide per Million Chained (2012) Dollars
CDEGRUS,197513,784,10,Total Energy CO2 Emissions per Real Dollar of GDP,Metric Tons Carbon Dioxide per Million Chained (2012) Dollars
CDEGRUS,197613,789,10,Total Energy CO2 Emissions per Real Dollar of GDP,Metric Tons Carbon Dioxide per Million Chained (2012) Dollars
CDEGRUS,197713,776,10,Total Energy CO2 Emissions per Real Dollar of GDP,Metric Tons Carbon Dioxide per Million Chained (2012) Dollars
CDEGRUS,197813,743,10,Total Energy CO2 Emissions per Real Dollar of GDP,Metric Tons Carbon Dioxide per Million Chained (2012) Dollars
CDEGRUS,197913,730,10,Total Energy CO2 Emissions per Real Dollar of GDP,Metric Tons Carbon Dioxide per Million Chained (2012) Dollars
CDEGRUS,198013,703,10,Total Energy CO2 Emissions per Real Dollar of GDP,Metric Tons Carbon Dioxide per Million Chained (2012) Dollars
CDEGRUS,198113,669,10,Total Energy CO2 Emissions per Real Dollar of GDP,Metric Tons Carbon Dioxide per Million Chained (2012) Dollars
CDEGRUS,198213,647,10,Total Energy CO2 Emissions per Real Dollar of GDP,Metric Tons Carbon Dioxide per Million Chained (2012) Dollars
CDEGRUS,198313,616,10,Total Energy CO2 Emissions per Real Dollar of GDP,Metric Tons Carbon Dioxide per Million Chained (2012) Dollars
CDEGRUS,198413,604,10,Total Energy CO2 Emissions per Real Dollar of GDP,Metric Tons Carbon Dioxide per Million Chained (2012) Dollars
CDEGRUS,198513,579,10,Total Energy CO2 Emissions per Real Dollar of GDP,Metric Tons Carbon Dioxide per Million Chained (2012) Dollars
CDEGRUS,198613,561,10,Total Energy CO2 Emissions per Real Dollar of GDP,Metric Tons Carbon Dioxide per Million Chained (2012) Dollars
CDEGRUS,198713,561,10,Total Energy CO2 Emissions per Real Dollar of GDP,Metric Tons Carbon Dioxide per Million Chained (2012) Dollars
CDEGRUS,198813,563,10,Total Energy CO2 Emissions per Real Dollar of GDP,Metric Tons Carbon Dioxide per Million Chained (2012) Dollars
CDEGRUS,198913,553,10,Total Energy CO2 Emissions per Real Dollar of GDP,Metric Tons Carbon Dioxide per Million Chained (2012) Dollars
CDEGRUS,199013,538,10,Total Energy CO2 Emissions per Real Dollar of GDP,Metric Tons Carbon Dioxide per Million Chained (2012) Dollars
CDEGRUS,199113,533,10,Total Energy CO2 Emissions per Real Dollar of GDP,Metric Tons Carbon Dioxide per Million Chained (2012) Dollars
CDEGRUS,199213,526,10,Total Energy CO2 Emissions per Real Dollar of GDP,Metric Tons Carbon Dioxide per Million Chained (2012) Dollars
CDEGRUS,199313,521,10,Total Energy CO2 Emissions per Real Dollar of GDP,Metric Tons Carbon Dioxide per Million Chained (2012) Dollars
CDEGRUS,199413,508,10,Total Energy CO2 Emissions per Real Dollar of GDP,Metric Tons Carbon Dioxide per Million Chained (2012) Dollars
CDEGRUS,199513,501,10,Total Energy CO2 Emissions per Real Dollar of GDP,Metric Tons Carbon Dioxide per Million Chained (2012) Dollars
CDEGRUS,199613,500,10,Total Energy CO2 Emissions per Real Dollar of GDP,Metric Tons Carbon Dioxide per Million Chained (2012) Dollars
CDEGRUS,199713,485,10,Total Energy CO2 Emissions per Real Dollar of GDP,Metric Tons Carbon Dioxide per Million Chained (2012) Dollars
CDEGRUS,199813,468,10,Total Energy CO2 Emissions per Real Dollar of GDP,Metric Tons Carbon Dioxide per Million Chained (2012) Dollars
CDEGRUS,199913,452,10,Total Energy CO2 Emissions per Real Dollar of GDP,Metric Tons Carbon Dioxide per Million Chained (2012) Dollars
CDEGRUS,200013,448,10,Total Energy CO2 Emissions per Real Dollar of GDP,Metric Tons Carbon Dioxide per Million Chained (2012) Dollars
CDEGRUS,200113,436,10,Total Energy CO2 Emissions per Real Dollar of GDP,Metric Tons Carbon Dioxide per Million Chained (2012) Dollars
CDEGRUS,200213,431,10,Total Energy CO2 Emissions per Real Dollar of GDP,Metric Tons Carbon Dioxide per Million Chained (2012) Dollars
CDEGRUS,200313,425,10,Total Energy CO2 Emissions per Real Dollar of GDP,Metric Tons Carbon Dioxide per Million Chained (2012) Dollars
CDEGRUS,200413,416,10,Total Energy CO2 Emissions per Real Dollar of GDP,Metric Tons Carbon Dioxide per Million Chained (2012) Dollars
CDEGRUS,200513,403,10,Total Energy CO2 Emissions per Real Dollar of GDP,Metric Tons Carbon Dioxide per Million Chained (2012) Dollars
CDEGRUS,200613,387,10,Total Energy CO2 Emissions per Real Dollar of GDP,Metric Tons Carbon Dioxide per Million Chained (2012) Dollars
CDEGRUS,200713,385,10,Total Energy CO2 Emissions per Real Dollar of GDP,Metric Tons Carbon Dioxide per Million Chained (2012) Dollars
CDEGRUS,200813,372,10,Total Energy CO2 Emissions per Real Dollar of GDP,Metric Tons Carbon Dioxide per Million Chained (2012) Dollars
CDEGRUS,200913,355,10,Total Energy CO2 Emissions per Real Dollar of GDP,Metric Tons Carbon Dioxide per Million Chained (2012) Dollars
CDEGRUS,201013,357,10,Total Energy CO2 Emissions per Real Dollar of GDP,Metric Tons Carbon Dioxide per Million Chained (2012) Dollars
CDEGRUS,201113,343,10,Total Energy CO2 Emissions per Real Dollar of GDP,Metric Tons Carbon Dioxide per Million Chained (2012) Dollars
CDEGRUS,201213,322,10,Total Energy CO2 Emissions per Real Dollar of GDP,Metric Tons Carbon Dioxide per Million Chained (2012) Dollars
CDEGRUS,201313,324,10,Total Energy CO2 Emissions per Real Dollar of GDP,Metric Tons Carbon Dioxide per Million Chained (2012) Dollars
CDEGRUS,201413,320,10,Total Energy CO2 Emissions per Real Dollar of GDP,Metric Tons Carbon Dioxide per Million Chained (2012) Dollars
CDEGRUS,201513,303,10,Total Energy CO2 Emissions per Real Dollar of GDP,Metric Tons Carbon Dioxide per Million Chained (2012) Dollars
CDEGRUS,201613,292,10,Total Energy CO2 Emissions per Real Dollar of GDP,Metric Tons Carbon Dioxide per Million Chained (2012) Dollars
CDEGRUS,201713,284,10,Total Energy CO2 Emissions per Real Dollar of GDP,Metric Tons Carbon Dioxide per Million Chained (2012) Dollars
CDEGRUS,201813,284,10,Total Energy CO2 Emissions per Real Dollar of GDP,Metric Tons Carbon Dioxide per Million Chained (2012) Dollars
CDEGRUS,201913,270,10,Total Energy CO2 Emissions per Real Dollar of GDP,Metric Tons Carbon Dioxide per Million Chained (2012) Dollars
CDEGRUS,202013,249,10,Total Energy CO2 Emissions per Real Dollar of GDP,Metric Tons Carbon Dioxide per Million Chained (2012) Dollars
CDEGRUS,202113,251,10,Total Energy CO2 Emissions per Real Dollar of GDP,Metric Tons Carbon Dioxide per Million Chained (2012) Dollars
